﻿Designator,Footprint,Quantity,Value,LCSC Part #
"C1, C2, C803, C805",0603,4,0.1uF,
"C301, C303, C401, C603, C706, C707, C802, C804, C811",0603,9,10uF,
C302,0603,1,22uF,
"C304, C404, C408, C409, C503, C602, C704, C705, C801, C810",0603,10,1uF,
"C402, C403, C407",0603,3,4.7uF,
"C405, C406, C410, C412, C601, C701, C702",0603,7,100nF,
"C411, C709, C711",0603,3,10nF,
"C501, C502",0603,2,20pF,
"C604, C605",0805,2,>2uF,
"C703, C806, C807, C808, C809",1206,5,1uF,
"C708, C710",1206,2,100nF,
D501,0603,1,DBG1,
D502,0603,1,DBG2,
D503,0603,1,DBG3,
F301,1206,1,1A,
J1,HDMI_A_Molex_208658-1001_Horizontal,1,HDMI_A_1.4,
J201,PinHeader_1x04_P2.54mm_Vertical,1,Power Terminal,
J202,GCT_USB4105-GF-A,1,USB_C_Micro,
J203,PinHeader_1x06_P2.54mm_Vertical,1,Programming Header,
J204,PinHeader_1x07_P2.54mm_Vertical,1,Earpiece Connector,
J205,PinHeader_1x08_P2.54mm_Vertical,1,Communication Pins,
J206,PinHeader_1x05_P2.54mm_Vertical,1,BMS Connector,
J207,PinHeader_1x06_P2.54mm_Vertical,1,GPIO Header,
"R1, R2, R3, R4, R601, R602",0603,6,10k,
"R10, R11, R15, R16, R17, R18",0603,6,4.7K,
"R12, R301",0603,2,0,
"R13, R14, R704",0603,3,100K,
"R201, R202",0603,2,5.1K,
"R503, R504, R505",0603,3,200,
"R6, R7, R8, R9",0603,4,33,
"R603, R604",0603,2,499,
"R705, R708, R709, R712",0603,4,2K,
"SW1, SW2",SW_SPST_EVPBF,2,BTN1,
SW501,SW_SPST_EVPBF,1,RST_BTN,
SW502,PinHeader_1x03_P2.54mm_Vertical,1,SW_SPDT,
TP301,TestPoint_Pad_D2.5mm,1,VBUS,
TP302,TestPoint_Pad_D2.5mm,1,3V3,
TP303,TestPoint_Pad_D2.5mm,1,GND,
TP501,TestPoint_Pad_1.5x1.5mm,1,DBG1,
TP502,TestPoint_Pad_1.5x1.5mm,1,DBG2,
TP503,TestPoint_Pad_1.5x1.5mm,1,DBG3,
TP602,TestPoint_Pad_D2.5mm,1,SPEAKER_A,
TP603,TestPoint_Pad_D2.5mm,1,SPEAKER_B,
TP701,TestPoint_Pad_D2.5mm,1,MIC_BUFF,
TP702,TestPoint_Pad_D2.5mm,1,MIC_AMP,
TP703,TestPoint_Pad_D2.5mm,1,MIC_FILTERED,
U1,0603,1,PCM1862DBT,
U3,LQFP-64_10x10mm_P0.5mm,1,STM32L496RGTx,
U301,TO-252-3_TabPin2,1,AZ1117-3.3,
U601,SOIC127P599X175-8N,1,Opamp_Speaker,
U701,SOIC127P599X175-8N,1,Opamp_Buffer,
U702,SOIC127P599X175-8N,1,Bandpass,
U801,WQFN20_RTE_TEX,1,TLV320ADC3120IRTER,
Y501,XTAL_ABMM2-8.000MHZ-E2-T,1,8MHz,
